insert into User (Id,
                  Lastmodified,
                  Dateofbirth,
                  Email,
                  Name,
                  Passwordhash,
                  Salt,
                  Surname)
values (1,
        Current_timestamp(),
        Current_date(),
        'doctor1@pms.ch',
        'Doctor 1 name',
        'o/Aq3xhhRFSG5DoB/ajzjw==',
        '1qIYGhTnXBYPxLUWGZRpEg==',
        'Doctor 1 surname');


insert into Doctor (Id)
values (1);


insert into User (Id,
                  Lastmodified,
                  Dateofbirth,
                  Email,
                  Name,
                  Passwordhash,
                  Salt,
                  Surname)
values (2,
        Current_timestamp(),
        Current_date(),
        'doctor2@pms.ch',
        'Doctor 2 name',
        'zgHoKOch+nFXMafeFgNwlA==',
        'QJno99dJAk6Yx+ApX1PppQ==',
        'Doctor 2 surname');


insert into Doctor (Id)
values (2);


insert into User (Id,
                  Lastmodified,
                  Dateofbirth,
                  Email,
                  Name,
                  Passwordhash,
                  Salt,
                  Surname)
values (3,
        Current_timestamp(),
        Current_date(),
        'doctor3@pms.ch',
        'Doctor 3 name',
        'ag+WPyCq4J01lN2sxPVaNw==',
        'D2x3Zrr3tIghzmLs/83A5A==',
        'Doctor 3 surname');


insert into Doctor (Id)
values (3);


insert into User (Id,
                  Lastmodified,
                  Dateofbirth,
                  Email,
                  Name,
                  Passwordhash,
                  Salt,
                  Surname)
values (4,
        Current_timestamp(),
        Current_date(),
        'doctor4@pms.ch',
        'Doctor 4 name',
        'Fru36/ptQllG+R/sxpfWHQ==',
        '6G+HEttRdcrXU2JZedql6w==',
        'Doctor 4 surname');


insert into Doctor (Id)
values (4);


insert into User (Id,
                  Lastmodified,
                  Dateofbirth,
                  Email,
                  Name,
                  Passwordhash,
                  Salt,
                  Surname)
values (5,
        Current_timestamp(),
        Current_date(),
        'doctor5@pms.ch',
        'Doctor 5 name',
        'ak22cy5Q31Wn0lpdGlcpoQ==',
        'pvakYVj/RDRj/AEJA1h0bQ==',
        'Doctor 5 surname');


insert into Doctor (Id)
values (5);

insert into User (Id,
                  Lastmodified,
                  Dateofbirth,
                  Email,
                  Name,
                  Passwordhash,
                  Salt,
                  Surname)
values (6,
        Current_timestamp(),
        Current_date(),
        'relative1@pms.ch',
        'Relative 1 name',
        'ykq/59GDaJDNmLyhNoyuiA==',
        'koMbnN/USLhubZdYQCE1cQ==',
        'Relative 1 surname');


insert into relative (Id)
values (6);


insert into User (Id,
                  Lastmodified,
                  Dateofbirth,
                  Email,
                  Name,
                  Passwordhash,
                  Salt,
                  Surname)
values (7,
        Current_timestamp(),
        Current_date(),
        'relative2@pms.ch',
        'Relative 2 name',
        'ASnrn3Kglm7AEBZhpQIxqg==',
        'j36w/ow1SZnDw0zzvyZJMw==',
        'Relative 2 surname');


insert into relative (Id)
values (7);


insert into User (Id,
                  Lastmodified,
                  Dateofbirth,
                  Email,
                  Name,
                  Passwordhash,
                  Salt,
                  Surname)
values (8,
        Current_timestamp(),
        Current_date(),
        'relative3@pms.ch',
        'Relative 3 name',
        'nETMBP8g8nXtuQSjsN0gLA==',
        'aCgPu91c4213RQywuT8qug==',
        'Relative 3 surname');


insert into relative (Id)
values (8);


insert into User (Id,
                  Lastmodified,
                  Dateofbirth,
                  Email,
                  Name,
                  Passwordhash,
                  Salt,
                  Surname)
values (9,
        Current_timestamp(),
        Current_date(),
        'relative4@pms.ch',
        'Relative 4 name',
        'VBZ/MNYJJj4lNlw29ngBMw==',
        '2o4TTkeEJZasbhmfmnf0Nw==',
        'Relative 4 surname');


insert into relative (Id)
values (9);


insert into User (Id,
                  Lastmodified,
                  Dateofbirth,
                  Email,
                  Name,
                  Passwordhash,
                  Salt,
                  Surname)
values (10,
        Current_timestamp(),
        Current_date(),
        'relative5@pms.ch',
        'Relative 5 name',
        'GiTkjK9Rzhl7b4BjpG34uw==',
        'jMih+vKnpVfh5Fdn3hcVXg==',
        'Relative 5 surname');


insert into relative (Id)
values (10);

insert into User (Id,
                  Lastmodified,
                  Dateofbirth,
                  Email,
                  Name,
                  Passwordhash,
                  Salt,
                  Surname)
values (11,
        Current_timestamp(),
        Current_date(),
        'patient1@pms.ch',
        'Patient 1 name',
        'DhHarZOtRNc0jEkOgoAf1A==',
        'o0z4gCmQNRkPCIa7K5hPMQ==',
        'Patient 1 surname');


insert into Patient (Id)
values (11);


insert into User (Id,
                  Lastmodified,
                  Dateofbirth,
                  Email,
                  Name,
                  Passwordhash,
                  Salt,
                  Surname)
values (12,
        Current_timestamp(),
        Current_date(),
        'patient2@pms.ch',
        'Patient 2 name',
        '4d77lhgEbJmK92VXx4qjew==',
        '/8gIQXJDu0jfrKSIadPAvw==',
        'Patient 2 surname');


insert into Patient (Id)
values (12);


insert into User (Id,
                  Lastmodified,
                  Dateofbirth,
                  Email,
                  Name,
                  Passwordhash,
                  Salt,
                  Surname)
values (13,
        Current_timestamp(),
        Current_date(),
        'patient3@pms.ch',
        'Patient 3 name',
        'dSoNQb4E4N4SGfRp8e3fdw==',
        'YIE61QfmUgm5ogwXdowpAA==',
        'Patient 3 surname');


insert into Patient (Id)
values (13);


insert into User (Id,
                  Lastmodified,
                  Dateofbirth,
                  Email,
                  Name,
                  Passwordhash,
                  Salt,
                  Surname)
values (14,
        Current_timestamp(),
        Current_date(),
        'patient4@pms.ch',
        'Patient 4 name',
        'Gt22haxLr5CV+3FEK2qWJA==',
        'FyBMhqzbIeZdL3LkbJIuHw==',
        'Patient 4 surname');


insert into Patient (Id)
values (14);


insert into User (Id,
                  Lastmodified,
                  Dateofbirth,
                  Email,
                  Name,
                  Passwordhash,
                  Salt,
                  Surname)
values (15,
        Current_timestamp(),
        Current_date(),
        'patient5@pms.ch',
        'Patient 5 name',
        'e7gPmBO1oDidx63zLHelyA==',
        'K6PdpAUbvpbyk5AI+8Qj9Q==',
        'Patient 5 surname');


insert into relative (Id)
values (15);


insert into Patient_relative (Relative_id, Patient_id)
values (6,
        11);


insert into Patient_doctor (Doctor_id, Patient_id)
values (1,
        11);

insert into Patient_relative (Relative_id, Patient_id)
values (7,
        12);


insert into Patient_relative (Relative_id, Patient_id)
values (8,
        12);


insert into Patient_doctor (Doctor_id, Patient_id)
values (2,
        12);


insert into Patient_doctor (Doctor_id, Patient_id)
values (3,
        12);


insert into Caze (Id, Lastmodified, Fromdate, Note, Todate, Patient_id)
values (1,
        Current_timestamp(),
        Parsedatetime('01.01.2018-00:00:00', 'dd.MM.yyyy-HH:mm:ss'),
        'Test case of patient1',
        null,
        11);


insert into Caze (Id, Lastmodified, Fromdate, Note, Todate, Patient_id)
values (2,
        Current_timestamp(),
        Parsedatetime('01.01.2018-00:00:00', 'dd.MM.yyyy-HH:mm:ss'),
        'Test case of patient2',
        Parsedatetime('31.01.2018-00:00:00', 'dd.MM.yyyy-HH:mm:ss'),
        12);


insert into App (Id, Lastmodified, Name, Caze_id)
values (1,
        Current_timestamp(),
        'diary app for patient 1',
        1);


insert into Diary (Id)
values (1);


insert into App (Id, Lastmodified, Name, Caze_id)
values (2,
        Current_timestamp(),
        'diary app for patient 2',
        2);


insert into Diary (Id)
values (2);


insert into Diaryentry (Id, Lastmodified, Entrytext, Patientread, Relativeread, time, Title, Creator_id, Diary_id)
values (1,
        Current_timestamp(),
        'Test diary entry from patient1. Relative can read',
        true,
        true,
        Current_timestamp(),
        'Test diary entry from patient1',
        11,
        1);


insert into Diaryentry (Id, Lastmodified, Entrytext, Patientread, Relativeread, time, Title, Creator_id, Diary_id)
values (2,
        Current_timestamp(),
        'Test diary entry from patient1. Relative can not read',
        true,
        false,
        Current_timestamp(),
        'Test diary entry from patient1',
        11,
        1);


insert into Diaryentry (Id, Lastmodified, Entrytext, Patientread, Relativeread, time, Title, Creator_id, Diary_id)
values (3,
        Current_timestamp(),
        'Test diary entry from relative1. Patient can read',
        true,
        true,
        Current_timestamp(),
        'Test diary entry from relative1',
        6,
        1);


insert into Diaryentry (Id, Lastmodified, Entrytext, Patientread, Relativeread, time, Title, Creator_id, Diary_id)
values (4,
        Current_timestamp(),
        'Test diary entry from relative1. Patient can not read',
        false,
        true,
        Current_timestamp(),
        'Test diary entry from relative1',
        6,
        1);


insert into Diaryentry (Id, Lastmodified, Entrytext, Patientread, Relativeread, time, Title, Creator_id, Diary_id)
values (5,
        Current_timestamp(),
        'Test diary entry from doctor1. Patient can read, Relative can read',
        true,
        true,
        Current_timestamp(),
        'Test diary entry from doctor1',
        1,
        1);


insert into Diaryentry (Id, Lastmodified, Entrytext, Patientread, Relativeread, time, Title, Creator_id, Diary_id)
values (6,
        Current_timestamp(),
        'Test diary entry from doctor1. Patient can read, Relative can not read',
        true,
        false,
        Current_timestamp(),
        'Test diary entry from doctor1',
        1,
        1);


insert into Diaryentry (Id, Lastmodified, Entrytext, Patientread, Relativeread, time, Title, Creator_id, Diary_id)
values (7,
        Current_timestamp(),
        'Test diary entry from doctor1. Patient can not read, Relative can read',
        false,
        true,
        Current_timestamp(),
        'Test diary entry from doctor1',
        1,
        1);


insert into Diaryentry (Id, Lastmodified, Entrytext, Patientread, Relativeread, time, Title, Creator_id, Diary_id)
values (8,
        Current_timestamp(),
        'Test diary entry from doctor1. Patient can not read, Relative can not read',
        false,
        false,
        Current_timestamp(),
        'Test diary entry from doctor1',
        1,
        1);


insert into Diaryentry (Id, Lastmodified, Entrytext, Patientread, Relativeread, time, Title, Creator_id, Diary_id)
values (9,
        Current_timestamp(),
        'Test diary entry from patient2. Relative can read',
        true,
        true,
        Current_timestamp(),
        'Test diary entry from patient2',
        12,
        2);


insert into Diaryentry (Id, Lastmodified, Entrytext, Patientread, Relativeread, time, Title, Creator_id, Diary_id)
values (10,
        Current_timestamp(),
        'Test diary entry from patient2. Relative can not read',
        true,
        false,
        Current_timestamp(),
        'Test diary entry from patient2',
        12,
        2);


insert into Diaryentry (Id, Lastmodified, Entrytext, Patientread, Relativeread, time, Title, Creator_id, Diary_id)
values (11,
        Current_timestamp(),
        'Test diary entry from relative2. Patient can read',
        true,
        true,
        Current_timestamp(),
        'Test diary entry from relative2',
        7,
        2);


insert into Diaryentry (Id, Lastmodified, Entrytext, Patientread, Relativeread, time, Title, Creator_id, Diary_id)
values (12,
        Current_timestamp(),
        'Test diary entry from relative2. Patient can not read',
        false,
        true,
        Current_timestamp(),
        'Test diary entry from relative2',
        7,
        2);


insert into Diaryentry (Id, Lastmodified, Entrytext, Patientread, Relativeread, time, Title, Creator_id, Diary_id)
values (13,
        Current_timestamp(),
        'Test diary entry from doctor2. Patient can read, Relative can read',
        true,
        true,
        Current_timestamp(),
        'Test diary entry from doctor2',
        2,
        2);


insert into Diaryentry (Id, Lastmodified, Entrytext, Patientread, Relativeread, time, Title, Creator_id, Diary_id)
values (14,
        Current_timestamp(),
        'Test diary entry from doctor2. Patient can read, Relative can not read',
        true,
        false,
        Current_timestamp(),
        'Test diary entry from doctor2',
        2,
        2);


insert into Diaryentry (Id, Lastmodified, Entrytext, Patientread, Relativeread, time, Title, Creator_id, Diary_id)
values (15,
        Current_timestamp(),
        'Test diary entry from doctor2. Patient can not read, Relative can read',
        false,
        true,
        Current_timestamp(),
        'Test diary entry from doctor2',
        2,
        2);


insert into Diaryentry (Id, Lastmodified, Entrytext, Patientread, Relativeread, time, Title, Creator_id, Diary_id)
values (16,
        Current_timestamp(),
        'Test diary entry from doctor2. Patient can not read, Relative can not read',
        false,
        false,
        Current_timestamp(),
        'Test diary entry from doctor2',
        2,
        2);


insert into App (Id, Lastmodified, Name, Caze_id)
values (3,
        Current_timestamp(),
        'goaltracker app for patient 1',
        1);


insert into Goaltracker (Id)
values (3);


insert into App (Id, Lastmodified, Name, Caze_id)
values (4,
        Current_timestamp(),
        'goaltracker app for patient 2',
        2);


insert into Goaltracker (Id)
values (4);


insert into Goal(Id, Lastmodified, Created, Dueto, Goal, State, Creator_id, Goaltracker_id)
values (1,
        Current_timestamp(),
        Current_timestamp(),
        Parsedatetime('31.06.2018-00:00:00', 'dd.MM.yyyy-HH:mm:ss'),
        'test goal for patient1, created by doctor1, state = open',
        0,
        1,
        3);


insert into Goal(Id, Lastmodified, Created, Dueto, Goal, State, Creator_id, Goaltracker_id)
values (2,
        Current_timestamp(),
        Current_timestamp(),
        Parsedatetime('31.06.2018-00:00:00', 'dd.MM.yyyy-HH:mm:ss'),
        'test goal for patient1, created by relative1, state = open',
        0,
        6,
        3);


insert into Goal(Id, Lastmodified, Created, Dueto, Goal, State, Creator_id, Goaltracker_id)
values (3,
        Current_timestamp(),
        Current_timestamp(),
        Parsedatetime('31.06.2018-00:00:00', 'dd.MM.yyyy-HH:mm:ss'),
        'test goal for patient1, created by doctor1, state = successful',
        1,
        1,
        3);


insert into Goal(Id, Lastmodified, Created, Dueto, Goal, State, Creator_id, Goaltracker_id)
values (4,
        Current_timestamp(),
        Current_timestamp(),
        Parsedatetime('31.06.2018-00:00:00', 'dd.MM.yyyy-HH:mm:ss'),
        'test goal for patient1, created by relative1, state = successful',
        1,
        6,
        3);


insert into Goal(Id, Lastmodified, Created, Dueto, Goal, State, Creator_id, Goaltracker_id)
values (5,
        Current_timestamp(),
        Current_timestamp(),
        Parsedatetime('31.06.2018-00:00:00', 'dd.MM.yyyy-HH:mm:ss'),
        'test goal for patient1, created by doctor1, state = missed',
        2,
        1,
        3);


insert into Goal(Id, Lastmodified, Created, Dueto, Goal, State, Creator_id, Goaltracker_id)
values (6,
        Current_timestamp(),
        Current_timestamp(),
        Parsedatetime('31.06.2018-00:00:00', 'dd.MM.yyyy-HH:mm:ss'),
        'test goal for patient1, created by relative1, state = missed',
        2,
        6,
        3);


insert into Goal(Id, Lastmodified, Created, Dueto, Goal, State, Creator_id, Goaltracker_id)
values (7,
        Current_timestamp(),
        Current_timestamp(),
        Parsedatetime('31.06.2018-00:00:00', 'dd.MM.yyyy-HH:mm:ss'),
        'test goal for patient2, created by doctor2, state = open',
        0,
        2,
        3);


insert into Goal(Id, Lastmodified, Created, Dueto, Goal, State, Creator_id, Goaltracker_id)
values (8,
        Current_timestamp(),
        Current_timestamp(),
        Parsedatetime('31.06.2018-00:00:00', 'dd.MM.yyyy-HH:mm:ss'),
        'test goal for patient2, created by relative2, state = open',
        0,
        7,
        3);


insert into Goal(Id, Lastmodified, Created, Dueto, Goal, State, Creator_id, Goaltracker_id)
values (9,
        Current_timestamp(),
        Current_timestamp(),
        Parsedatetime('31.06.2018-00:00:00', 'dd.MM.yyyy-HH:mm:ss'),
        'test goal for patient2, created by doctor2, state = successful',
        1,
        2,
        3);


insert into Goal(Id, Lastmodified, Created, Dueto, Goal, State, Creator_id, Goaltracker_id)
values (10,
        Current_timestamp(),
        Current_timestamp(),
        Parsedatetime('31.06.2018-00:00:00', 'dd.MM.yyyy-HH:mm:ss'),
        'test goal for patient2, created by relative2, state = successful',
        1,
        7,
        3);


insert into Goal(Id, Lastmodified, Created, Dueto, Goal, State, Creator_id, Goaltracker_id)
values (11,
        Current_timestamp(),
        Current_timestamp(),
        Parsedatetime('31.06.2018-00:00:00', 'dd.MM.yyyy-HH:mm:ss'),
        'test goal for patient2, created by doctor2, state = missed',
        2,
        2,
        3);


insert into Goal(Id, Lastmodified, Created, Dueto, Goal, State, Creator_id, Goaltracker_id)
values (12,
        Current_timestamp(),
        Current_timestamp(),
        Parsedatetime('31.06.2018-00:00:00', 'dd.MM.yyyy-HH:mm:ss'),
        'test goal for patient2, created by relative2, state = missed',
        2,
        7,
        3);


insert into Comment(Id, Lastmodified, time, Commenttext, Creator_id, Diaryentry_id)
values (1,
        Current_timestamp(),
        Current_timestamp(),
        'comment to diaryentry number 4 from doctor 1 Bidu',
        1,
        4);


insert into Comment(Id, Lastmodified, time, Commenttext, Creator_id, Diaryentry_id)
values (2,
        Current_timestamp(),
        Current_timestamp(),
        'comment to diaryentry number 11 from doctor 2 Nik',
        2,
        11);

insert into Comment(Id, Lastmodified, time, Commenttext, Creator_id, Diaryentry_id)
values (3,
        Current_timestamp(),
        Current_timestamp(),
        'another comment to diaryentry number 11 from doctor 3 Andi',
        3,
        11);

