insert into User (Id,
                  Lastmodified,
                  Dateofbirth,
                  Email,
                  Name,
                  Passwordhash,
                  Salt,
                  Surname)
values (1,
        Current_timestamp(),
        Current_date(),
        'sara.sante@pms.ch',
        'Sara',
        'o/Aq3xhhRFSG5DoB/ajzjw==',
        '1qIYGhTnXBYPxLUWGZRpEg==',
        'Sante');


insert into Doctor (Id)
values (1);


insert into User (Id,
                  Lastmodified,
                  Dateofbirth,
                  Email,
                  Name,
                  Passwordhash,
                  Salt,
                  Surname)
values (2,
        Current_timestamp(),
        Current_date(),
        'mason.meier@pms.ch',
        'Mason',
        'zgHoKOch+nFXMafeFgNwlA==',
        'QJno99dJAk6Yx+ApX1PppQ==',
        'Meier');


insert into Doctor (Id)
values (2);


insert into User (Id,
                  Lastmodified,
                  Dateofbirth,
                  Email,
                  Name,
                  Passwordhash,
                  Salt,
                  Surname)
values (3,
        Current_timestamp(),
        Current_date(),
        'thomas.koehler@pms.ch',
        'Thomas',
        'ag+WPyCq4J01lN2sxPVaNw==',
        'D2x3Zrr3tIghzmLs/83A5A==',
        'Koehler');


insert into Doctor (Id)
values (3);


insert into User (Id,
                  Lastmodified,
                  Dateofbirth,
                  Email,
                  Name,
                  Passwordhash,
                  Salt,
                  Surname)
values (4,
        Current_timestamp(),
        Current_date(),
        'barbara.richter@pms.ch',
        'Barbara',
        'Fru36/ptQllG+R/sxpfWHQ==',
        '6G+HEttRdcrXU2JZedql6w==',
        'Richter');


insert into Doctor (Id)
values (4);


insert into User (Id,
                  Lastmodified,
                  Dateofbirth,
                  Email,
                  Name,
                  Passwordhash,
                  Salt,
                  Surname)
values (5,
        Current_timestamp(),
        Current_date(),
        'doctor5@pms.ch',
        'Doctor 5 name',
        'ak22cy5Q31Wn0lpdGlcpoQ==',
        'pvakYVj/RDRj/AEJA1h0bQ==',
        'Doctor 5 surname');


insert into Doctor (Id)
values (5);

insert into User (Id,
                  Lastmodified,
                  Dateofbirth,
                  Email,
                  Name,
                  Passwordhash,
                  Salt,
                  Surname)
values (6,
        Current_timestamp(),
        Current_date(),
        'jonas.johnson@pms.ch',
        'Jonas',
        'ykq/59GDaJDNmLyhNoyuiA==',
        'koMbnN/USLhubZdYQCE1cQ==',
        'Johnson');


insert into relative (Id)
values (6);


insert into User (Id,
                  Lastmodified,
                  Dateofbirth,
                  Email,
                  Name,
                  Passwordhash,
                  Salt,
                  Surname)
values (7,
        Current_timestamp(),
        Current_date(),
        'lukas.pfeiffer@pms.ch',
        'Lukas',
        'ASnrn3Kglm7AEBZhpQIxqg==',
        'j36w/ow1SZnDw0zzvyZJMw==',
        'Pfeiffer');


insert into relative (Id)
values (7);


insert into User (Id,
                  Lastmodified,
                  Dateofbirth,
                  Email,
                  Name,
                  Passwordhash,
                  Salt,
                  Surname)
values (8,
        Current_timestamp(),
        Current_date(),
        'isabelle.pfeiffer@pms.ch',
        'Isabelle',
        'nETMBP8g8nXtuQSjsN0gLA==',
        'aCgPu91c4213RQywuT8qug==',
        'Pfeiffer');


insert into relative (Id)
values (8);


insert into User (Id,
                  Lastmodified,
                  Dateofbirth,
                  Email,
                  Name,
                  Passwordhash,
                  Salt,
                  Surname)
values (9,
        Current_timestamp(),
        Current_date(),
        'dennis.klein@pms.ch',
        'Dennis',
        'VBZ/MNYJJj4lNlw29ngBMw==',
        '2o4TTkeEJZasbhmfmnf0Nw==',
        'Klein');


insert into relative (Id)
values (9);


insert into User (Id,
                  Lastmodified,
                  Dateofbirth,
                  Email,
                  Name,
                  Passwordhash,
                  Salt,
                  Surname)
values (10,
        Current_timestamp(),
        Current_date(),
        'relative5@pms.ch',
        'Relative 5 name',
        'GiTkjK9Rzhl7b4BjpG34uw==',
        'jMih+vKnpVfh5Fdn3hcVXg==',
        'Relative 5 surname');


insert into relative (Id)
values (10);

insert into User (Id,
                  Lastmodified,
                  Dateofbirth,
                  Email,
                  Name,
                  Passwordhash,
                  Salt,
                  Surname)
values (11,
        Current_timestamp(),
        Current_date(),
        'ben.barber@pms.ch',
        'Ben',
        'DhHarZOtRNc0jEkOgoAf1A==',
        'o0z4gCmQNRkPCIa7K5hPMQ==',
        'Barber');


insert into Patient (Id)
values (11);


insert into User (Id,
                  Lastmodified,
                  Dateofbirth,
                  Email,
                  Name,
                  Passwordhash,
                  Salt,
                  Surname)
values (12,
        Current_timestamp(),
        Current_date(),
        'lucas.mueller@pms.ch',
        'Lucas',
        '4d77lhgEbJmK92VXx4qjew==',
        '/8gIQXJDu0jfrKSIadPAvw==',
        'Mueller');


insert into Patient (Id)
values (12);


insert into User (Id,
                  Lastmodified,
                  Dateofbirth,
                  Email,
                  Name,
                  Passwordhash,
                  Salt,
                  Surname)
values (13,
        Current_timestamp(),
        Current_date(),
        'martina.pfeffer@pms.ch',
        'Martina',
        'dSoNQb4E4N4SGfRp8e3fdw==',
        'YIE61QfmUgm5ogwXdowpAA==',
        'Pfeffer');


insert into Patient (Id)
values (13);


insert into User (Id,
                  Lastmodified,
                  Dateofbirth,
                  Email,
                  Name,
                  Passwordhash,
                  Salt,
                  Surname)
values (14,
        Current_timestamp(),
        Current_date(),
        'stephanie.dreher@pms.ch',
        'Stephanie',
        'Gt22haxLr5CV+3FEK2qWJA==',
        'FyBMhqzbIeZdL3LkbJIuHw==',
        'Dreher');


insert into Patient (Id)
values (14);


insert into User (Id,
                  Lastmodified,
                  Dateofbirth,
                  Email,
                  Name,
                  Passwordhash,
                  Salt,
                  Surname)
values (15,
        Current_timestamp(),
        Current_date(),
        'patient5@pms.ch',
        'Patient 5 name',
        'e7gPmBO1oDidx63zLHelyA==',
        'K6PdpAUbvpbyk5AI+8Qj9Q==',
        'Patient 5 surname');


insert into relative (Id)
values (15);


insert into Patient_relative (Relative_id, Patient_id)
values (6,
        11);


insert into Patient_doctor (Doctor_id, Patient_id)
values (1,
        11);

insert into Patient_relative (Relative_id, Patient_id)
values (7,
        12);


insert into Patient_relative (Relative_id, Patient_id)
values (8,
        12);


insert into Patient_doctor (Doctor_id, Patient_id)
values (2,
        12);


insert into Patient_doctor (Doctor_id, Patient_id)
values (3,
        12);

insert into Patient_relative (Relative_id, Patient_id)
values (9,
        13);

insert into Patient_relative (Relative_id, Patient_id)
values (9,
        14);

insert into Patient_doctor (Doctor_id, Patient_id)
values (4,
        13);

insert into Patient_doctor (Doctor_id, Patient_id)
values (4,
        14);


insert into Caze (Id, Lastmodified, Fromdate, Note, Todate, Patient_id)
values (1,
        Current_timestamp(),
        Parsedatetime('01.01.2018-00:00:00', 'dd.MM.yyyy-HH:mm:ss'),
        'Case of Ben Barber',
        null,
        11);


insert into Caze (Id, Lastmodified, Fromdate, Note, Todate, Patient_id)
values (2,
        Current_timestamp(),
        Parsedatetime('01.01.2018-00:00:00', 'dd.MM.yyyy-HH:mm:ss'),
        'Case of Lucas Mueller',
        Parsedatetime('31.01.2018-00:00:00', 'dd.MM.yyyy-HH:mm:ss'),
        12);

insert into Caze (Id, Lastmodified, Fromdate, Note, Todate, Patient_id)
values (3,
        Current_timestamp(),
        Parsedatetime('01.01.2018-00:00:00', 'dd.MM.yyyy-HH:mm:ss'),
        'Case of Martina Pfeffer',
        Parsedatetime('31.01.2018-00:00:00', 'dd.MM.yyyy-HH:mm:ss'),
        13);


insert into Caze (Id, Lastmodified, Fromdate, Note, Todate, Patient_id)
values (4,
        Current_timestamp(),
        Parsedatetime('01.01.2018-00:00:00', 'dd.MM.yyyy-HH:mm:ss'),
        'Case of Stephanie Dreher',
        Parsedatetime('31.01.2018-00:00:00', 'dd.MM.yyyy-HH:mm:ss'),
        14);

insert into App (Id, Lastmodified, Name, Caze_id)
values (1,
        Current_timestamp(),
        'diary app for Ben Barber',
        1);


insert into Diary (Id)
values (1);


insert into App (Id, Lastmodified, Name, Caze_id)
values (2,
        Current_timestamp(),
        'diary app for Lucas Mueller',
        2);


insert into Diary (Id)
values (2);

insert into App (Id, Lastmodified, Name, Caze_id)
values (5,
        Current_timestamp(),
        'diary app for Martina Pfeffer',
        3);


insert into Diary (Id)
values (5);

insert into App (Id, Lastmodified, Name, Caze_id)
values (6,
        Current_timestamp(),
        'diary app for Stephanie Dreher',
        4);


insert into Diary (Id)
values (6);


insert into Diaryentry (Id, Lastmodified, Entrytext, Patientread, Relativeread, time, Title, Creator_id, Diary_id)
values (1,
        Current_timestamp(),
        'Test diary entry from Ben Barber. Relative can read',
        true,
        true,
        Current_timestamp(),
        'Test diary entry from Ben Barber',
        11,
        1);


insert into Diaryentry (Id, Lastmodified, Entrytext, Patientread, Relativeread, time, Title, Creator_id, Diary_id)
values (2,
        Current_timestamp(),
        'Test diary entry from Ben Barber. Relative can not read',
        true,
        false,
        Current_timestamp(),
        'Test diary entry from Ben Barber',
        11,
        1);


insert into Diaryentry (Id, Lastmodified, Entrytext, Patientread, Relativeread, time, Title, Creator_id, Diary_id)
values (3,
        Current_timestamp(),
        'Test diary entry from Jonas Johnson. Patient can read',
        true,
        true,
        Current_timestamp(),
        'Test diary entry from Jonas Johnson',
        6,
        1);


insert into Diaryentry (Id, Lastmodified, Entrytext, Patientread, Relativeread, time, Title, Creator_id, Diary_id)
values (4,
        Current_timestamp(),
        'Test diary entry from Jonas Johnson. Patient can not read',
        false,
        true,
        Current_timestamp(),
        'Test diary entry from Jonas Johnson',
        6,
        1);


insert into Diaryentry (Id, Lastmodified, Entrytext, Patientread, Relativeread, time, Title, Creator_id, Diary_id)
values (5,
        Current_timestamp(),
        'Test diary entry from Sara Sante. Patient can read, Relative can read',
        true,
        true,
        Current_timestamp(),
        'Test diary entry from Sara Sante',
        1,
        1);


insert into Diaryentry (Id, Lastmodified, Entrytext, Patientread, Relativeread, time, Title, Creator_id, Diary_id)
values (6,
        Current_timestamp(),
        'Test diary entry from Sara Sante. Patient can read, Relative can not read',
        true,
        false,
        Current_timestamp(),
        'Test diary entry from Sare Sante',
        1,
        1);


insert into Diaryentry (Id, Lastmodified, Entrytext, Patientread, Relativeread, time, Title, Creator_id, Diary_id)
values (7,
        Current_timestamp(),
        'Test diary entry from Sara Sante. Patient can not read, Relative can read',
        false,
        true,
        Current_timestamp(),
        'Test diary entry from Sara Sante',
        1,
        1);


insert into Diaryentry (Id, Lastmodified, Entrytext, Patientread, Relativeread, time, Title, Creator_id, Diary_id)
values (8,
        Current_timestamp(),
        'Test diary entry from Sara Sante. Patient can not read, Relative can not read',
        false,
        false,
        Current_timestamp(),
        'Test diary entry from Sara Sante',
        1,
        1);


insert into Diaryentry (Id, Lastmodified, Entrytext, Patientread, Relativeread, time, Title, Creator_id, Diary_id)
values (9,
        Current_timestamp(),
        'Test diary entry from Lucas Mueller. Relative can read',
        true,
        true,
        Current_timestamp(),
        'Test diary entry from Lucas Mueller',
        12,
        2);


insert into Diaryentry (Id, Lastmodified, Entrytext, Patientread, Relativeread, time, Title, Creator_id, Diary_id)
values (10,
        Current_timestamp(),
        'Test diary entry from Lucas Mueller. Relative can not read',
        true,
        false,
        Current_timestamp(),
        'Test diary entry from Lucas Mueller',
        12,
        2);


insert into Diaryentry (Id, Lastmodified, Entrytext, Patientread, Relativeread, time, Title, Creator_id, Diary_id)
values (11,
        Current_timestamp(),
        'Test diary entry from Lukas Pfeiffer. Patient can read',
        true,
        true,
        Current_timestamp(),
        'Test diary entry from Lukas Pfeiffer',
        7,
        2);


insert into Diaryentry (Id, Lastmodified, Entrytext, Patientread, Relativeread, time, Title, Creator_id, Diary_id)
values (12,
        Current_timestamp(),
        'Test diary entry from Lukas Pfeiffer. Patient can not read',
        false,
        true,
        Current_timestamp(),
        'Test diary entry from Lukas Pfeiffer',
        7,
        2);


insert into Diaryentry (Id, Lastmodified, Entrytext, Patientread, Relativeread, time, Title, Creator_id, Diary_id)
values (13,
        Current_timestamp(),
        'Test diary entry from Mason Meier. Patient can read, Relative can read',
        true,
        true,
        Current_timestamp(),
        'Test diary entry from Mason Meier',
        2,
        2);


insert into Diaryentry (Id, Lastmodified, Entrytext, Patientread, Relativeread, time, Title, Creator_id, Diary_id)
values (14,
        Current_timestamp(),
        'Test diary entry from Mason Meier. Patient can read, Relative can not read',
        true,
        false,
        Current_timestamp(),
        'Test diary entry from Mason Meier',
        2,
        2);


insert into Diaryentry (Id, Lastmodified, Entrytext, Patientread, Relativeread, time, Title, Creator_id, Diary_id)
values (15,
        Current_timestamp(),
        'Test diary entry from Mason Meier. Patient can not read, Relative can read',
        false,
        true,
        Current_timestamp(),
        'Test diary entry from Mason Meier',
        2,
        2);


insert into Diaryentry (Id, Lastmodified, Entrytext, Patientread, Relativeread, time, Title, Creator_id, Diary_id)
values (16,
        Current_timestamp(),
        'Test diary entry from Mason Meier. Patient can not read, Relative can not read',
        false,
        false,
        Current_timestamp(),
        'Test diary entry from Mason Meier',
        2,
        2);

insert into Diaryentry (Id, Lastmodified, Entrytext, Patientread, Relativeread, time, Title, Creator_id, Diary_id)
values (17,
        Current_timestamp(),
        'Test diary entry from Barbara Richter. Patient can not read, Relative can read',
        true,
        true,
        Current_timestamp(),
        'Test diary entry from Barbara Richter',
        4,
        5);

insert into Diaryentry (Id, Lastmodified, Entrytext, Patientread, Relativeread, time, Title, Creator_id, Diary_id)
values (18,
        Current_timestamp(),
        'Test diary entry from Barbara Richter. Patient can read, Relative can read',
        true,
        true,
        Current_timestamp(),
        'Test diary entry from Barbara Richter',
        4,
        6);

insert into Diaryentry (Id, Lastmodified, Entrytext, Patientread, Relativeread, time, Title, Creator_id, Diary_id)
values (19,
        Current_timestamp(),
        'Test diary entry from Dennis Klein. Patient can read, Relative can read',
        true,
        true,
        Current_timestamp(),
        'Test diary entry from Dennis Klein',
        9,
        6);


insert into App (Id, Lastmodified, Name, Caze_id)
values (3,
        Current_timestamp(),
        'goaltracker app for Ben Barber',
        1);


insert into Goaltracker (Id)
values (3);


insert into App (Id, Lastmodified, Name, Caze_id)
values (4,
        Current_timestamp(),
        'goaltracker app for Lucas Mueller',
        2);


insert into Goaltracker (Id)
values (4);

insert into App (Id, Lastmodified, Name, Caze_id)
values (7,
        Current_timestamp(),
        'goaltracker app for Martina Pfeffer',
        3);


insert into Goaltracker (Id)
values (7);

insert into App (Id, Lastmodified, Name, Caze_id)
values (8,
        Current_timestamp(),
        'goaltracker app for Stephanie Dreher',
        4);


insert into Goaltracker (Id)
values (8);


insert into Goal (Id, Lastmodified, Created, Dueto, Goal, State, Creator_id, Goaltracker_id)
values (1,
        Current_timestamp(),
        Current_timestamp(),
        Parsedatetime('31.06.2018-00:00:00', 'dd.MM.yyyy-HH:mm:ss'),
        'test goal for Ben Barber, created by Sara Sante, state = open',
        0,
        1,
        3);


insert into Goal (Id, Lastmodified, Created, Dueto, Goal, State, Creator_id, Goaltracker_id)
values (2,
        Current_timestamp(),
        Current_timestamp(),
        Parsedatetime('31.06.2018-00:00:00', 'dd.MM.yyyy-HH:mm:ss'),
        'test goal for Ben Barber, created by Jonas Johnson, state = open',
        0,
        6,
        3);


insert into Goal (Id, Lastmodified, Created, Dueto, Goal, State, Creator_id, Goaltracker_id)
values (3,
        Current_timestamp(),
        Current_timestamp(),
        Parsedatetime('31.06.2018-00:00:00', 'dd.MM.yyyy-HH:mm:ss'),
        'test goal for Ben Barber, created by Sara Sante, state = successful',
        1,
        1,
        3);


insert into Goal (Id, Lastmodified, Created, Dueto, Goal, State, Creator_id, Goaltracker_id)
values (4,
        Current_timestamp(),
        Current_timestamp(),
        Parsedatetime('31.06.2018-00:00:00', 'dd.MM.yyyy-HH:mm:ss'),
        'test goal for Ben Barber, created by Jonas Johnson, state = successful',
        1,
        6,
        3);


insert into Goal (Id, Lastmodified, Created, Dueto, Goal, State, Creator_id, Goaltracker_id)
values (5,
        Current_timestamp(),
        Current_timestamp(),
        Parsedatetime('31.06.2018-00:00:00', 'dd.MM.yyyy-HH:mm:ss'),
        'test goal for Ben Barber, created by Sara Sante, state = missed',
        2,
        1,
        3);


insert into Goal (Id, Lastmodified, Created, Dueto, Goal, State, Creator_id, Goaltracker_id)
values (6,
        Current_timestamp(),
        Current_timestamp(),
        Parsedatetime('31.06.2018-00:00:00', 'dd.MM.yyyy-HH:mm:ss'),
        'test goal for Ben Barber, created by Jonas Johnson, state = missed',
        2,
        6,
        3);


insert into Goal (Id, Lastmodified, Created, Dueto, Goal, State, Creator_id, Goaltracker_id)
values (7,
        Current_timestamp(),
        Current_timestamp(),
        Parsedatetime('31.06.2018-00:00:00', 'dd.MM.yyyy-HH:mm:ss'),
        'test goal for Lucas Mueller, created by Mason Meier, state = open',
        0,
        2,
        4);


insert into Goal (Id, Lastmodified, Created, Dueto, Goal, State, Creator_id, Goaltracker_id)
values (8,
        Current_timestamp(),
        Current_timestamp(),
        Parsedatetime('31.06.2018-00:00:00', 'dd.MM.yyyy-HH:mm:ss'),
        'test goal for Lucas Mueller, created by Lukas Pfeiffer, state = open',
        0,
        7,
        4);


insert into Goal (Id, Lastmodified, Created, Dueto, Goal, State, Creator_id, Goaltracker_id)
values (9,
        Current_timestamp(),
        Current_timestamp(),
        Parsedatetime('31.06.2018-00:00:00', 'dd.MM.yyyy-HH:mm:ss'),
        'test goal for Lucas Mueller, created by Mason Meier, state = successful',
        1,
        2,
        4);


insert into Goal (Id, Lastmodified, Created, Dueto, Goal, State, Creator_id, Goaltracker_id)
values (10,
        Current_timestamp(),
        Current_timestamp(),
        Parsedatetime('31.06.2018-00:00:00', 'dd.MM.yyyy-HH:mm:ss'),
        'test goal for Lucas Mueller, created by Lukas Pfeiffer, state = successful',
        1,
        7,
        4);


insert into Goal (Id, Lastmodified, Created, Dueto, Goal, State, Creator_id, Goaltracker_id)
values (11,
        Current_timestamp(),
        Current_timestamp(),
        Parsedatetime('31.06.2018-00:00:00', 'dd.MM.yyyy-HH:mm:ss'),
        'test goal for Lucas Mueller, created by Mason Meier, state = missed',
        2,
        2,
        4);


insert into Goal (Id, Lastmodified, Created, Dueto, Goal, State, Creator_id, Goaltracker_id)
values (12,
        Current_timestamp(),
        Current_timestamp(),
        Parsedatetime('31.06.2018-00:00:00', 'dd.MM.yyyy-HH:mm:ss'),
        'test goal for Lucas Mueller, created by Lukas Pfeiffer, state = missed',
        2,
        7,
        4);


insert into Goal (Id, Lastmodified, Created, Dueto, Goal, State, Creator_id, Goaltracker_id)
values (13,
        Current_timestamp(),
        Current_timestamp(),
        Parsedatetime('31.06.2018-00:00:00', 'dd.MM.yyyy-HH:mm:ss'),
        'test goal for Martina Pfeffer, created by Barbara Richter, state = missed',
        2,
        4,
        7);

insert into Goal (Id, Lastmodified, Created, Dueto, Goal, State, Creator_id, Goaltracker_id)
values (14,
        Current_timestamp(),
        Current_timestamp(),
        Parsedatetime('31.06.2018-00:00:00', 'dd.MM.yyyy-HH:mm:ss'),
        'test goal for Stephanie Dreher, created by Barbara Richter, state = missed',
        2,
        4,
        8);


insert into Comment (Id, Lastmodified, time, Commenttext, Creator_id, Diaryentry_id)
values (1,
        Current_timestamp(),
        Current_timestamp(),
        'comment to diaryentry number 4 from Sara Sante',
        1,
        4);


insert into Comment (Id, Lastmodified, time, Commenttext, Creator_id, Diaryentry_id)
values (2,
        Current_timestamp(),
        Current_timestamp(),
        'comment to diaryentry number 11 from Mason Meier',
        2,
        11);

insert into Comment (Id, Lastmodified, time, Commenttext, Creator_id, Diaryentry_id)
values (3,
        Current_timestamp(),
        Current_timestamp(),
        'another comment to diaryentry number 11 from Thomas Koehler',
        3,
        11);



